what,kind,bundleId,bundleVersion,description,time
activated,view,org.eclipse.ui.console,3.5.0.v20100526,"org.eclipse.ui.console.ConsoleView",1322123938047
activated,view,org.eclipse.ui.navigator.resources,3.4.202.M20101124-0800,"org.eclipse.ui.navigator.ProjectExplorer",1322123943968
stopped,bundle,org.eclipse.bpel.runtimes,0.5.0.qualifier,"org.eclipse.bpel.runtimes",1322123946665
deactivated,workbench,org.eclipse.ui.workbench,3.6.2.M20110210-1200,"",1322123948588
activated,workbench,org.eclipse.ui.workbench,3.6.2.M20110210-1200,"",1322123949856
stopped,bundle,org.eclipse.bpel.runtimes,0.5.0.qualifier,"org.eclipse.bpel.runtimes",1322123952254
error,log,,,"24-nov-2011 9:39:12 CET [Turmeric] org.ebayopensource.turmeric.eclipse.buildsystem.eclipse.AbstractSOAProjectBuilder  build\r\n SEVERE: Can not load metadata for service->MultiplyService",1322123952967
stopped,bundle,org.eclipse.bpel.runtimes,0.5.0.qualifier,"org.eclipse.bpel.runtimes",1322123953322
stopped,bundle,org.eclipse.bpel.runtimes,0.5.0.qualifier,"org.eclipse.bpel.runtimes",1322123953325
stopped,bundle,org.eclipse.bpel.runtimes,0.5.0.qualifier,"org.eclipse.bpel.runtimes",1322123953331
stopped,bundle,org.eclipse.bpel.runtimes,0.5.0.qualifier,"org.eclipse.bpel.runtimes",1322123953335
stopped,bundle,org.eclipse.bpel.runtimes,0.5.0.qualifier,"org.eclipse.bpel.runtimes",1322123953340
stopped,bundle,org.eclipse.bpel.runtimes,0.5.0.qualifier,"org.eclipse.bpel.runtimes",1322123953691
stopped,bundle,org.eclipse.bpel.runtimes,0.5.0.qualifier,"org.eclipse.bpel.runtimes",1322123953693
stopped,bundle,org.eclipse.bpel.runtimes,0.5.0.qualifier,"org.eclipse.bpel.runtimes",1322123953695
stopped,bundle,org.eclipse.bpel.runtimes,0.5.0.qualifier,"org.eclipse.bpel.runtimes",1322123953697
stopped,bundle,org.eclipse.bpel.runtimes,0.5.0.qualifier,"org.eclipse.bpel.runtimes",1322123953699
stopped,bundle,org.eclipse.bpel.runtimes,0.5.0.qualifier,"org.eclipse.bpel.runtimes",1322123953702
stopped,bundle,org.eclipse.bpel.runtimes,0.5.0.qualifier,"org.eclipse.bpel.runtimes",1322123955091
stopped,bundle,org.eclipse.bpel.runtimes,0.5.0.qualifier,"org.eclipse.bpel.runtimes",1322123956820
error,log,,,"24-nov-2011 9:39:18 CET [Turmeric] org.ebayopensource.turmeric.eclipse.buildsystem.eclipse.AbstractSOAProjectBuilder  build\r\n SEVERE: Can not load metadata for service->MultiplyService",1322123958729
executed,command,org.maven.ide.eclipse.launching,0.12.1.20110112-1712,"org.maven.ide.eclipse.pomFileAction.run",1322123959412
deactivated,workbench,org.eclipse.ui.workbench,3.6.2.M20110210-1200,"",1322123959462
activated,workbench,org.eclipse.ui.workbench,3.6.2.M20110210-1200,"",1322123960756
stopped,bundle,org.eclipse.bpel.runtimes,0.5.0.qualifier,"org.eclipse.bpel.runtimes",1322123961867
stopped,bundle,org.eclipse.bpel.runtimes,0.5.0.qualifier,"org.eclipse.bpel.runtimes",1322123961869
stopped,bundle,org.eclipse.bpel.runtimes,0.5.0.qualifier,"org.eclipse.bpel.runtimes",1322123961871
stopped,bundle,org.eclipse.bpel.runtimes,0.5.0.qualifier,"org.eclipse.bpel.runtimes",1322123961873
stopped,bundle,org.eclipse.bpel.runtimes,0.5.0.qualifier,"org.eclipse.bpel.runtimes",1322123961875
activated,view,org.eclipse.ui.console,3.5.0.v20100526,"org.eclipse.ui.console.ConsoleView",1322123963276
activated,view,org.eclipse.ui.navigator.resources,3.4.202.M20101124-0800,"org.eclipse.ui.navigator.ProjectExplorer",1322123967873
started,bundle,org.eclipse.ui.views.properties.tabbed,3.5.100.I20100509-0800,"org.eclipse.ui.views.properties.tabbed",1322123974813
opened,view,org.eclipse.ui.views,3.5.1.M20110202-0800,"org.eclipse.ui.views.PropertySheet",1322123974940
activated,view,org.eclipse.ui.views,3.5.1.M20110202-0800,"org.eclipse.ui.views.PropertySheet",1322123975010
activated,editor,org.eclipse.jdt.ui,3.6.2.r362_v20110203,"org.eclipse.jdt.ui.CompilationUnitEditor",1322123975896
opened,view,org.eclipse.ui.ide,3.6.2.M20101201-0800,"org.eclipse.ui.views.AllMarkersView",1322123983540
activated,view,org.eclipse.ui.ide,3.6.2.M20101201-0800,"org.eclipse.ui.views.AllMarkersView",1322123983585
activated,view,org.eclipse.ui.navigator.resources,3.4.202.M20101124-0800,"org.eclipse.ui.navigator.ProjectExplorer",1322123992318
stopped,bundle,org.eclipse.bpel.runtimes,0.5.0.qualifier,"org.eclipse.bpel.runtimes",1322123993729
stopped,bundle,org.eclipse.bpel.runtimes,0.5.0.qualifier,"org.eclipse.bpel.runtimes",1322123996083
stopped,bundle,org.eclipse.bpel.runtimes,0.5.0.qualifier,"org.eclipse.bpel.runtimes",1322123996085
stopped,bundle,org.eclipse.bpel.runtimes,0.5.0.qualifier,"org.eclipse.bpel.runtimes",1322123996087
stopped,bundle,org.eclipse.bpel.runtimes,0.5.0.qualifier,"org.eclipse.bpel.runtimes",1322124003452
stopped,bundle,org.eclipse.bpel.runtimes,0.5.0.qualifier,"org.eclipse.bpel.runtimes",1322124003454
stopped,bundle,org.eclipse.bpel.runtimes,0.5.0.qualifier,"org.eclipse.bpel.runtimes",1322124003456
stopped,bundle,org.eclipse.bpel.runtimes,0.5.0.qualifier,"org.eclipse.bpel.runtimes",1322124003458
stopped,bundle,org.eclipse.bpel.runtimes,0.5.0.qualifier,"org.eclipse.bpel.runtimes",1322124003461
stopped,bundle,org.eclipse.bpel.runtimes,0.5.0.qualifier,"org.eclipse.bpel.runtimes",1322124003792
stopped,bundle,org.eclipse.bpel.runtimes,0.5.0.qualifier,"org.eclipse.bpel.runtimes",1322124008417
stopped,bundle,org.eclipse.bpel.runtimes,0.5.0.qualifier,"org.eclipse.bpel.runtimes",1322124008908
stopped,bundle,org.eclipse.bpel.runtimes,0.5.0.qualifier,"org.eclipse.bpel.runtimes",1322124008910
stopped,bundle,org.eclipse.bpel.runtimes,0.5.0.qualifier,"org.eclipse.bpel.runtimes",1322124008911
stopped,bundle,org.eclipse.bpel.runtimes,0.5.0.qualifier,"org.eclipse.bpel.runtimes",1322124009604
stopped,bundle,org.eclipse.bpel.runtimes,0.5.0.qualifier,"org.eclipse.bpel.runtimes",1322124010713
stopped,bundle,org.eclipse.bpel.runtimes,0.5.0.qualifier,"org.eclipse.bpel.runtimes",1322124011473
stopped,bundle,org.eclipse.bpel.runtimes,0.5.0.qualifier,"org.eclipse.bpel.runtimes",1322124012567
executed,command,org.maven.ide.eclipse.launching,0.12.1.20110112-1712,"org.maven.ide.eclipse.pomFileAction.run",1322124013402
activated,view,org.eclipse.ui.console,3.5.0.v20100526,"org.eclipse.ui.console.ConsoleView",1322124014751
activated,view,org.eclipse.ui.navigator.resources,3.4.202.M20101124-0800,"org.eclipse.ui.navigator.ProjectExplorer",1322124016052
activated,view,org.eclipse.ui.console,3.5.0.v20100526,"org.eclipse.ui.console.ConsoleView",1322124016187
activated,view,org.eclipse.ui.navigator.resources,3.4.202.M20101124-0800,"org.eclipse.ui.navigator.ProjectExplorer",1322124018587
stopped,bundle,org.eclipse.bpel.runtimes,0.5.0.qualifier,"org.eclipse.bpel.runtimes",1322124021385
stopped,bundle,org.eclipse.bpel.runtimes,0.5.0.qualifier,"org.eclipse.bpel.runtimes",1322124022862
executed,command,org.maven.ide.eclipse.launching,0.12.1.20110112-1712,"org.maven.ide.eclipse.pomFileAction.run",1322124024090
activated,view,org.eclipse.ui.console,3.5.0.v20100526,"org.eclipse.ui.console.ConsoleView",1322124025429
activated,view,org.eclipse.ui.navigator.resources,3.4.202.M20101124-0800,"org.eclipse.ui.navigator.ProjectExplorer",1322124030596
stopped,bundle,org.eclipse.bpel.runtimes,0.5.0.qualifier,"org.eclipse.bpel.runtimes",1322124038257
stopped,bundle,org.eclipse.bpel.runtimes,0.5.0.qualifier,"org.eclipse.bpel.runtimes",1322124039343
executed,command,org.maven.ide.eclipse.launching,0.12.1.20110112-1712,"org.maven.ide.eclipse.pomFileAction.run",1322124040544
activated,view,org.eclipse.ui.console,3.5.0.v20100526,"org.eclipse.ui.console.ConsoleView",1322124041865
activated,view,org.eclipse.ui.navigator.resources,3.4.202.M20101124-0800,"org.eclipse.ui.navigator.ProjectExplorer",1322124061459
stopped,bundle,org.eclipse.bpel.runtimes,0.5.0.qualifier,"org.eclipse.bpel.runtimes",1322124063912
stopped,bundle,org.eclipse.bpel.runtimes,0.5.0.qualifier,"org.eclipse.bpel.runtimes",1322124064703
executed,command,org.maven.ide.eclipse.launching,0.12.1.20110112-1712,"org.maven.ide.eclipse.pomFileAction.run",1322124065611
deactivated,workbench,org.eclipse.ui.workbench,3.6.2.M20110210-1200,"",1322124066768
activated,workbench,org.eclipse.ui.workbench,3.6.2.M20110210-1200,"",1322124067285
activated,view,org.eclipse.ui.console,3.5.0.v20100526,"org.eclipse.ui.console.ConsoleView",1322124067294
activated,view,org.eclipse.ui.navigator.resources,3.4.202.M20101124-0800,"org.eclipse.ui.navigator.ProjectExplorer",1322124071393
stopped,bundle,org.eclipse.bpel.runtimes,0.5.0.qualifier,"org.eclipse.bpel.runtimes",1322124073367
stopped,bundle,org.eclipse.bpel.runtimes,0.5.0.qualifier,"org.eclipse.bpel.runtimes",1322124074062
executed,command,org.maven.ide.eclipse.launching,0.12.1.20110112-1712,"org.maven.ide.eclipse.pomFileAction.run",1322124075304
activated,view,org.eclipse.ui.console,3.5.0.v20100526,"org.eclipse.ui.console.ConsoleView",1322124076656
activated,view,org.eclipse.ui.navigator.resources,3.4.202.M20101124-0800,"org.eclipse.ui.navigator.ProjectExplorer",1322124090402
deactivated,workbench,org.eclipse.ui.workbench,3.6.2.M20110210-1200,"",1322124096271
stopped,bundle,org.eclipse.bpel.runtimes,0.5.0.qualifier,"org.eclipse.bpel.runtimes",1322124130318
stopped,bundle,org.eclipse.bpel.runtimes,0.5.0.qualifier,"org.eclipse.bpel.runtimes",1322124130322
stopped,bundle,org.eclipse.bpel.runtimes,0.5.0.qualifier,"org.eclipse.bpel.runtimes",1322124130328
stopped,bundle,org.eclipse.bpel.runtimes,0.5.0.qualifier,"org.eclipse.bpel.runtimes",1322124130331
activated,workbench,org.eclipse.ui.workbench,3.6.2.M20110210-1200,"",1322124132194
deactivated,workbench,org.eclipse.ui.workbench,3.6.2.M20110210-1200,"",1322124134041
executed,command,org.eclipse.ui,3.6.2.M20110203-1100,"org.eclipse.ui.edit.copy",1322124136806
activated,workbench,org.eclipse.ui.workbench,3.6.2.M20110210-1200,"",1322124138865
deactivated,workbench,org.eclipse.ui.workbench,3.6.2.M20110210-1200,"",1322124139471
activated,workbench,org.eclipse.ui.workbench,3.6.2.M20110210-1200,"",1322124241314
activated,editor,org.eclipse.jdt.ui,3.6.2.r362_v20110203,"org.eclipse.jdt.ui.CompilationUnitEditor",1322124241329
activated,view,org.eclipse.ui.navigator.resources,3.4.202.M20101124-0800,"org.eclipse.ui.navigator.ProjectExplorer",1322124593779
opened,editor,org.eclipse.jdt.ui,3.6.2.r362_v20110203,"org.eclipse.jdt.ui.CompilationUnitEditor",1322124599502
activated,editor,org.eclipse.jdt.ui,3.6.2.r362_v20110203,"org.eclipse.jdt.ui.CompilationUnitEditor",1322124599552
executed,command,org.eclipse.ui,3.6.2.M20110203-1100,"org.eclipse.ui.file.refresh",1322124601424
stopped,bundle,org.eclipse.bpel.runtimes,0.5.0.qualifier,"org.eclipse.bpel.runtimes",1322124601667
executed,command,org.eclipse.ui,3.6.2.M20110203-1100,"org.eclipse.ui.file.save",1322124625283
stopped,bundle,org.eclipse.bpel.runtimes,0.5.0.qualifier,"org.eclipse.bpel.runtimes",1322124625454
deactivated,workbench,org.eclipse.ui.workbench,3.6.2.M20110210-1200,"",1322124701619
activated,workbench,org.eclipse.ui.workbench,3.6.2.M20110210-1200,"",1322124706371
executed,command,org.eclipse.ui,3.6.2.M20110203-1100,"org.eclipse.ui.edit.copy",1322124725884
deactivated,workbench,org.eclipse.ui.workbench,3.6.2.M20110210-1200,"",1322124738502
activated,workbench,org.eclipse.ui.workbench,3.6.2.M20110210-1200,"",1322124740821
activated,view,org.eclipse.ui.navigator.resources,3.4.202.M20101124-0800,"org.eclipse.ui.navigator.ProjectExplorer",1322124742206
opened,editor,org.eclipse.wst.xml.ui,1.1.104.v201103021532,"org.eclipse.wst.xml.ui.internal.tabletree.XMLMultiPageEditorPart",1322124753023
activated,editor,org.eclipse.wst.xml.ui,1.1.104.v201103021532,"org.eclipse.wst.xml.ui.internal.tabletree.XMLMultiPageEditorPart",1322124753092
started,bundle,org.eclipse.wst.html.ui,1.0.504.v201101122108,"org.eclipse.wst.html.ui",1322124759133
executed,command,org.eclipse.ui,3.6.2.M20110203-1100,"org.eclipse.ui.edit.cut",1322124759223
executed,command,org.eclipse.ui,3.6.2.M20110203-1100,"org.eclipse.ui.edit.paste",1322124759746
executed,command,org.eclipse.ui,3.6.2.M20110203-1100,"org.eclipse.ui.file.save",1322124760072
stopped,bundle,org.eclipse.bpel.runtimes,0.5.0.qualifier,"org.eclipse.bpel.runtimes",1322124760319
activated,view,org.eclipse.ui.navigator.resources,3.4.202.M20101124-0800,"org.eclipse.ui.navigator.ProjectExplorer",1322124762024
activated,editor,org.eclipse.wst.xml.ui,1.1.104.v201103021532,"org.eclipse.wst.xml.ui.internal.tabletree.XMLMultiPageEditorPart",1322124765050
activated,view,org.eclipse.ui.console,3.5.0.v20100526,"org.eclipse.ui.console.ConsoleView",1322124767262
activated,view,org.eclipse.ui.navigator.resources,3.4.202.M20101124-0800,"org.eclipse.ui.navigator.ProjectExplorer",1322124779495
activated,editor,org.eclipse.wst.xml.ui,1.1.104.v201103021532,"org.eclipse.wst.xml.ui.internal.tabletree.XMLMultiPageEditorPart",1322124780404
activated,editor,org.eclipse.jdt.ui,3.6.2.r362_v20110203,"org.eclipse.jdt.ui.CompilationUnitEditor",1322124781752
closed,editor,org.eclipse.wst.xml.ui,1.1.104.v201103021532,"org.eclipse.wst.xml.ui.internal.tabletree.XMLMultiPageEditorPart",1322124781752
executed,command,org.eclipse.ui,3.6.2.M20110203-1100,"org.eclipse.ui.file.save",1322124939212
stopped,bundle,org.eclipse.bpel.runtimes,0.5.0.qualifier,"org.eclipse.bpel.runtimes",1322124939375
executed,command,org.eclipse.jdt.ui,3.6.2.r362_v20110203,"org.eclipse.jdt.ui.edit.text.java.organize.imports",1322124940426
executed,command,org.eclipse.ui,3.6.2.M20110203-1100,"org.eclipse.ui.file.save",1322124941908
stopped,bundle,org.eclipse.bpel.runtimes,0.5.0.qualifier,"org.eclipse.bpel.runtimes",1322124942231
started,bundle,org.eclipse.mylyn.ide.ui,3.6.0.v20110608-1400,"org.eclipse.mylyn.ide.ui",1322124956727
started,bundle,org.eclipse.pde.api.tools,1.0.202.v20100820_r361,"org.eclipse.pde.api.tools",1322124956803
started,bundle,org.eclipse.pde.api.tools.ui,1.0.201.v20100820_r361,"org.eclipse.pde.api.tools.ui",1322124956805
started,bundle,org.eclipse.jst.ws.jaxws.ui,1.0.2.v201103270854,"org.eclipse.jst.ws.jaxws.ui",1322124956809
started,bundle,org.eclipse.mylyn.java.ui,3.6.0.v20110608-1400,"org.eclipse.mylyn.java.ui",1322124956831
executed,command,org.eclipse.ui,3.6.2.M20110203-1100,"org.eclipse.ui.file.save",1322124963152
stopped,bundle,org.eclipse.bpel.runtimes,0.5.0.qualifier,"org.eclipse.bpel.runtimes",1322124963364
executed,command,org.eclipse.ui,3.6.2.M20110203-1100,"org.eclipse.ui.file.save",1322124976639
stopped,bundle,org.eclipse.bpel.runtimes,0.5.0.qualifier,"org.eclipse.bpel.runtimes",1322124976803
executed,command,org.eclipse.ui,3.6.2.M20110203-1100,"org.eclipse.ui.file.save",1322124989920
stopped,bundle,org.eclipse.bpel.runtimes,0.5.0.qualifier,"org.eclipse.bpel.runtimes",1322124990136
executed,command,org.eclipse.ui,3.6.2.M20110203-1100,"org.eclipse.ui.edit.text.contentAssist.proposals",1322125006317
deactivated,workbench,org.eclipse.ui.workbench,3.6.2.M20110210-1200,"",1322125008415
activated,workbench,org.eclipse.ui.workbench,3.6.2.M20110210-1200,"",1322125014220
executed,command,org.eclipse.ui,3.6.2.M20110203-1100,"org.eclipse.ui.edit.text.contentAssist.proposals",1322125016293
executed,command,org.eclipse.ui,3.6.2.M20110203-1100,"org.eclipse.ui.edit.copy",1322125023261
executed,command,org.eclipse.ui,3.6.2.M20110203-1100,"org.eclipse.ui.edit.paste",1322125023799
executed,command,org.eclipse.ui,3.6.2.M20110203-1100,"org.eclipse.ui.edit.copy",1322125025916
executed,command,org.eclipse.ui,3.6.2.M20110203-1100,"org.eclipse.ui.edit.paste",1322125026543
executed,command,org.eclipse.ui,3.6.2.M20110203-1100,"org.eclipse.ui.edit.undo",1322125027970
executed,command,org.eclipse.ui,3.6.2.M20110203-1100,"org.eclipse.ui.edit.copy",1322125029363
executed,command,org.eclipse.ui,3.6.2.M20110203-1100,"org.eclipse.ui.edit.paste",1322125029812
executed,command,org.eclipse.ui,3.6.2.M20110203-1100,"org.eclipse.ui.file.save",1322125029992
stopped,bundle,org.eclipse.bpel.runtimes,0.5.0.qualifier,"org.eclipse.bpel.runtimes",1322125030188
executed,command,org.eclipse.ui,3.6.2.M20110203-1100,"org.eclipse.ui.file.save",1322125031791
stopped,bundle,org.eclipse.bpel.runtimes,0.5.0.qualifier,"org.eclipse.bpel.runtimes",1322125031999
executed,command,org.eclipse.ui,3.6.2.M20110203-1100,"org.eclipse.ui.edit.copy",1322125050526
executed,command,org.eclipse.ui,3.6.2.M20110203-1100,"org.eclipse.ui.edit.paste",1322125054009
executed,command,org.eclipse.ui,3.6.2.M20110203-1100,"org.eclipse.ui.edit.copy",1322125070732
executed,command,org.eclipse.ui,3.6.2.M20110203-1100,"org.eclipse.ui.edit.paste",1322125071614
executed,command,org.eclipse.ui,3.6.2.M20110203-1100,"org.eclipse.ui.file.save",1322125071903
stopped,bundle,org.eclipse.bpel.runtimes,0.5.0.qualifier,"org.eclipse.bpel.runtimes",1322125072092
executed,command,org.eclipse.ui,3.6.2.M20110203-1100,"org.eclipse.ui.file.save",1322125092711
stopped,bundle,org.eclipse.bpel.runtimes,0.5.0.qualifier,"org.eclipse.bpel.runtimes",1322125092905
executed,command,org.eclipse.ui,3.6.2.M20110203-1100,"org.eclipse.ui.file.save",1322125101185
stopped,bundle,org.eclipse.bpel.runtimes,0.5.0.qualifier,"org.eclipse.bpel.runtimes",1322125101396
executed,command,org.eclipse.ui,3.6.2.M20110203-1100,"org.eclipse.ui.file.save",1322125104423
stopped,bundle,org.eclipse.bpel.runtimes,0.5.0.qualifier,"org.eclipse.bpel.runtimes",1322125104611
executed,command,org.eclipse.ui,3.6.2.M20110203-1100,"org.eclipse.ui.edit.cut",1322125111977
executed,command,org.eclipse.ui,3.6.2.M20110203-1100,"org.eclipse.ui.edit.paste",1322125113176
executed,command,org.eclipse.ui,3.6.2.M20110203-1100,"org.eclipse.ui.file.save",1322125115435
stopped,bundle,org.eclipse.bpel.runtimes,0.5.0.qualifier,"org.eclipse.bpel.runtimes",1322125115649
executed,command,org.eclipse.ui,3.6.2.M20110203-1100,"org.eclipse.ui.file.save",1322125139493
stopped,bundle,org.eclipse.bpel.runtimes,0.5.0.qualifier,"org.eclipse.bpel.runtimes",1322125139710
executed,command,org.eclipse.ui,3.6.2.M20110203-1100,"org.eclipse.ui.file.save",1322125154562
stopped,bundle,org.eclipse.bpel.runtimes,0.5.0.qualifier,"org.eclipse.bpel.runtimes",1322125154784
executed,command,org.eclipse.ui,3.6.2.M20110203-1100,"org.eclipse.ui.file.save",1322125156370
stopped,bundle,org.eclipse.bpel.runtimes,0.5.0.qualifier,"org.eclipse.bpel.runtimes",1322125156549
executed,command,org.eclipse.ui,3.6.2.M20110203-1100,"org.eclipse.ui.edit.cut",1322125167922
executed,command,org.eclipse.ui,3.6.2.M20110203-1100,"org.eclipse.ui.edit.cut",1322125169540
executed,command,org.eclipse.ui,3.6.2.M20110203-1100,"org.eclipse.ui.file.save",1322125176461
stopped,bundle,org.eclipse.bpel.runtimes,0.5.0.qualifier,"org.eclipse.bpel.runtimes",1322125176639
executed,command,org.eclipse.ui,3.6.2.M20110203-1100,"org.eclipse.ui.edit.copy",1322125185975
executed,command,org.eclipse.ui,3.6.2.M20110203-1100,"org.eclipse.ui.edit.paste",1322125188977
executed,command,org.eclipse.ui,3.6.2.M20110203-1100,"org.eclipse.ui.file.save",1322125189260
stopped,bundle,org.eclipse.bpel.runtimes,0.5.0.qualifier,"org.eclipse.bpel.runtimes",1322125189448
executed,command,org.eclipse.ui,3.6.2.M20110203-1100,"org.eclipse.ui.edit.copy",1322125190377
executed,command,org.eclipse.ui,3.6.2.M20110203-1100,"org.eclipse.ui.edit.paste",1322125191177
executed,command,org.eclipse.ui,3.6.2.M20110203-1100,"org.eclipse.ui.file.save",1322125191310
stopped,bundle,org.eclipse.bpel.runtimes,0.5.0.qualifier,"org.eclipse.bpel.runtimes",1322125191611
executed,command,org.eclipse.ui,3.6.2.M20110203-1100,"org.eclipse.ui.file.save",1322125200308
stopped,bundle,org.eclipse.bpel.runtimes,0.5.0.qualifier,"org.eclipse.bpel.runtimes",1322125200523
deactivated,workbench,org.eclipse.ui.workbench,3.6.2.M20110210-1200,"",1322125203150
activated,workbench,org.eclipse.ui.workbench,3.6.2.M20110210-1200,"",1322125210264
deactivated,workbench,org.eclipse.ui.workbench,3.6.2.M20110210-1200,"",1322125223804
activated,workbench,org.eclipse.ui.workbench,3.6.2.M20110210-1200,"",1322125225304
deactivated,workbench,org.eclipse.ui.workbench,3.6.2.M20110210-1200,"",1322125236069
activated,workbench,org.eclipse.ui.workbench,3.6.2.M20110210-1200,"",1322125249083
deactivated,workbench,org.eclipse.ui.workbench,3.6.2.M20110210-1200,"",1322125254252
activated,workbench,org.eclipse.ui.workbench,3.6.2.M20110210-1200,"",1322125264373
executed,command,org.eclipse.ui,3.6.2.M20110203-1100,"org.eclipse.ui.edit.text.contentAssist.proposals",1322125266211
deactivated,workbench,org.eclipse.ui.workbench,3.6.2.M20110210-1200,"",1322125267693
activated,workbench,org.eclipse.ui.workbench,3.6.2.M20110210-1200,"",1322125304463
executed,command,org.eclipse.ui,3.6.2.M20110203-1100,"org.eclipse.ui.edit.text.contentAssist.proposals",1322125310274
executed,command,org.eclipse.ui,3.6.2.M20110203-1100,"org.eclipse.ui.edit.text.contentAssist.proposals",1322125311571
executed,command,org.eclipse.ui,3.6.2.M20110203-1100,"org.eclipse.ui.edit.text.contentAssist.proposals",1322125312476
executed,command,org.eclipse.ui,3.6.2.M20110203-1100,"org.eclipse.ui.edit.text.contentAssist.proposals",1322125312663
executed,command,org.eclipse.ui,3.6.2.M20110203-1100,"org.eclipse.ui.edit.text.contentAssist.proposals",1322125313028
executed,command,org.eclipse.ui,3.6.2.M20110203-1100,"org.eclipse.ui.edit.copy",1322125318921
executed,command,org.eclipse.ui,3.6.2.M20110203-1100,"org.eclipse.ui.edit.paste",1322125320010
executed,command,org.eclipse.ui,3.6.2.M20110203-1100,"org.eclipse.ui.file.save",1322125325083
stopped,bundle,org.eclipse.bpel.runtimes,0.5.0.qualifier,"org.eclipse.bpel.runtimes",1322125325320
activated,view,org.eclipse.ui.navigator.resources,3.4.202.M20101124-0800,"org.eclipse.ui.navigator.ProjectExplorer",1322125339875
started,bundle,org.eclipse.mylyn.resources.ui,3.6.0.v20110608-1400,"org.eclipse.mylyn.resources.ui",1322125346448
activated,editor,org.eclipse.jdt.ui,3.6.2.r362_v20110203,"org.eclipse.jdt.ui.CompilationUnitEditor",1322125346504
executed,command,org.eclipse.ui,3.6.2.M20110203-1100,"org.eclipse.ui.edit.text.contentAssist.proposals",1322125354131
executed,command,org.eclipse.ui,3.6.2.M20110203-1100,"org.eclipse.ui.edit.text.contentAssist.proposals",1322125356643
executed,command,org.eclipse.ui,3.6.2.M20110203-1100,"org.eclipse.ui.edit.text.contentAssist.proposals",1322125360024
executed,command,org.eclipse.ui,3.6.2.M20110203-1100,"org.eclipse.ui.edit.text.contentAssist.proposals",1322125362004
opened,editor,org.eclipse.jdt.ui,3.6.2.r362_v20110203,"org.eclipse.jdt.ui.CompilationUnitEditor",1322125364859
activated,editor,org.eclipse.jdt.ui,3.6.2.r362_v20110203,"org.eclipse.jdt.ui.CompilationUnitEditor",1322125364877
opened,editor,org.eclipse.jdt.ui,3.6.2.r362_v20110203,"org.eclipse.jdt.ui.CompilationUnitEditor",1322125375586
activated,editor,org.eclipse.jdt.ui,3.6.2.r362_v20110203,"org.eclipse.jdt.ui.CompilationUnitEditor",1322125375604
opened,editor,org.eclipse.jdt.ui,3.6.2.r362_v20110203,"org.eclipse.jdt.ui.CompilationUnitEditor",1322125376793
activated,editor,org.eclipse.jdt.ui,3.6.2.r362_v20110203,"org.eclipse.jdt.ui.CompilationUnitEditor",1322125376814
activated,editor,org.eclipse.jdt.ui,3.6.2.r362_v20110203,"org.eclipse.jdt.ui.CompilationUnitEditor",1322125382160
closed,editor,org.eclipse.jdt.ui,3.6.2.r362_v20110203,"org.eclipse.jdt.ui.CompilationUnitEditor",1322125382160
activated,editor,org.eclipse.jdt.ui,3.6.2.r362_v20110203,"org.eclipse.jdt.ui.CompilationUnitEditor",1322125383508
closed,editor,org.eclipse.jdt.ui,3.6.2.r362_v20110203,"org.eclipse.jdt.ui.CompilationUnitEditor",1322125383509
deactivated,workbench,org.eclipse.ui.workbench,3.6.2.M20110210-1200,"",1322125396016
activated,workbench,org.eclipse.ui.workbench,3.6.2.M20110210-1200,"",1322126225488
deactivated,workbench,org.eclipse.ui.workbench,3.6.2.M20110210-1200,"",1322126231174
activated,workbench,org.eclipse.ui.workbench,3.6.2.M20110210-1200,"",1322126245173
activated,editor,org.eclipse.jdt.ui,3.6.2.r362_v20110203,"org.eclipse.jdt.ui.CompilationUnitEditor",1322126248417
closed,editor,org.eclipse.jdt.ui,3.6.2.r362_v20110203,"org.eclipse.jdt.ui.CompilationUnitEditor",1322126248418
deactivated,workbench,org.eclipse.ui.workbench,3.6.2.M20110210-1200,"",1322126269862
activated,workbench,org.eclipse.ui.workbench,3.6.2.M20110210-1200,"",1322126278244
executed,command,org.eclipse.ui,3.6.2.M20110203-1100,"org.eclipse.ui.file.save",1322126280898
opened,editor,org.eclipse.jdt.ui,3.6.2.r362_v20110203,"org.eclipse.jdt.ui.ClassFileEditor",1322126283353
activated,editor,org.eclipse.jdt.ui,3.6.2.r362_v20110203,"org.eclipse.jdt.ui.ClassFileEditor",1322126283380
stopped,bundle,org.eclipse.bpel.runtimes,0.5.0.qualifier,"org.eclipse.bpel.runtimes",1322126283385
no handler,command,org.eclipse.ui,3.6.2.M20110203-1100,"org.eclipse.ui.file.refresh",1322126285245
error,log,,,"Could not download sources for org.ebayopensource.turmeric.intf:NegateService:1.0.0",1322126285808
stopped,bundle,org.eclipse.bpel.runtimes,0.5.0.qualifier,"org.eclipse.bpel.runtimes",1322126286273
activated,editor,org.eclipse.jdt.ui,3.6.2.r362_v20110203,"org.eclipse.jdt.ui.CompilationUnitEditor",1322126286740
closed,editor,org.eclipse.jdt.ui,3.6.2.r362_v20110203,"org.eclipse.jdt.ui.ClassFileEditor",1322126286741
opened,editor,org.eclipse.jdt.ui,3.6.2.r362_v20110203,"org.eclipse.jdt.ui.ClassFileEditor",1322126288273
activated,editor,org.eclipse.jdt.ui,3.6.2.r362_v20110203,"org.eclipse.jdt.ui.ClassFileEditor",1322126288296
activated,editor,org.eclipse.jdt.ui,3.6.2.r362_v20110203,"org.eclipse.jdt.ui.CompilationUnitEditor",1322126293955
closed,editor,org.eclipse.jdt.ui,3.6.2.r362_v20110203,"org.eclipse.jdt.ui.ClassFileEditor",1322126293955
opened,editor,org.eclipse.jdt.ui,3.6.2.r362_v20110203,"org.eclipse.jdt.ui.ClassFileEditor",1322126295665
activated,editor,org.eclipse.jdt.ui,3.6.2.r362_v20110203,"org.eclipse.jdt.ui.ClassFileEditor",1322126295688
activated,editor,org.eclipse.jdt.ui,3.6.2.r362_v20110203,"org.eclipse.jdt.ui.CompilationUnitEditor",1322126297387
